<?xml version="1.0" encoding="UTF-8"?>
<project-private xmlns="http://www.netbeans.org/ns/project-private/1">
    <data xmlns="http://www.netbeans.org/ns/make-project-private/1">
        <activeConfTypeElem>1</activeConfTypeElem>
        <activeConfIndexElem>0</activeConfIndexElem>
    </data>
    <editor-bookmarks xmlns="http://www.netbeans.org/ns/editor-bookmarks/2" lastBookmarkId="0"/>
    <open-files xmlns="http://www.netbeans.org/ns/projectui-open-files/2">
        <group>
            <file>file:/C:/Users/Anthony/AppData/Desktop/TafoyaAntonio_CIS5_42641/Hmwk/Assignment_2/Savitch_7thEd_Chap2_Prob16_Style/main.cpp</file>
        </group>
    </open-files>
</project-private>
